repo,buggy,total,pct_buggy
alembic,675,1763,38.28701077708451
attrs,373,1714,21.76196032672112
black,617,2094,29.465138490926456
click,354,1946,18.19116135662898
flask,611,3773,16.19401007156109
httpx,373,1477,25.25389302640487
jinja,519,2175,23.862068965517242
pydantic,1574,5288,29.76550680786687
requests,740,4753,15.569114243635598
starlette,340,1469,23.14499659632403
tornado,1246,3871,32.1880650994575
typer,59,1169,5.0470487596236095
