Variavel,P5,P10,Q1(P25),Mediana,Q3(P75),P90,P95,IQR
WMC,0.0,0.0,1.0,2.0,4.0,9.0,16.0,3.0
CBO,0.0,1.0,1.0,3.0,5.0,8.0,10.0,4.0
LCOM5,0.0,0.0,1.0,1.0,2.0,3.0,5.0,1.0
DIT,0.0,0.0,0.0,0.0,1.0,2.0,2.0,1.0
RFC,0.0,0.0,1.0,2.0,5.0,12.0,22.0,4.0
LOC,3.0,5.0,6.0,11.0,22.75,64.70000000000005,109.34999999999991,16.75
NM,0.0,1.0,1.0,2.0,7.0,26.0,91.0,6.0
WarningInfo,3.0,3.0,5.0,9.0,14.0,33.0,58.0,9.0
WarningMajor,0.0,0.0,0.0,0.0,1.0,4.0,6.0,1.0
CD,0.0,0.0,0.0,0.0,0.0,0.272727,0.46550739999999985,0.0
