Variavel,P5,P10,Q1,Mediana,Q3,P90,P95,IQR
WMC,0,0,1,2,4,9,16,3
CBO,0,1,1,3,5,8,10,4
LCOM5,0,0,1,1,2,3,5,1
DIT,0,0,0,0,1,2,2,1
RFC,0,0,1,2,5,12,22,4
LOC,3,5,6,11,22.75,64.70000000000005,109.34999999999991,16.75
NM,0,1,1,2,7,26,91,6
WarningInfo,3,3,5,9,14,33,58,9
WarningMajor,0,0,0,0,1,4,6,1
CD,0,0,0,0,0,0.272727,0.4655073999999998,0
